"Type","Cache","RelPath","Bytes","MTime"
"Affinity","extra",".research/extra/Affinity.decompiled.cs","4371","2026-08-05"
"AI_Cook","extra",".research/extra/AI_Cook.decompiled.cs","1165","2026-08-05"
"AI_Goto","types",".research/types/AI_Goto.cs","5264","2026-08-02"
"AI_TargetCard","types",".research/types/AI_TargetCard.cs","1169","2026-08-02"
"AI_UseCrafter","types",".research/types/AI_UseCrafter.cs","7950","2026-08-01"
"AIAct","types",".research/types/AIAct.cs","11455","2026-08-02"
"AIWork","extra",".research/extra/AIWork.decompiled.cs","3107","2026-08-05"
"AIWork_Chore","extra",".research/extra/AIWork_Chore.decompiled.cs","503","2026-08-05"
"BaseTaskHarvest","extra",".research/extra/BaseTaskHarvest.decompiled.cs","7079","2026-08-04"
"ButtonGrid","types",".research/types/ButtonGrid.cs","17851","2026-08-02"
"Card","types_live",".research/types_live/Card.decompiled.cs","165884","2026-08-02"
"CardManager","extra",".research/extra/CardManager.decompiled.cs","2206","2026-08-05"
"CardRow","extra",".research/extra/CardRow.decompiled.cs","3159","2026-08-04"
"Chara","types_live",".research/types_live/Chara.decompiled.cs","245249","2026-08-02"
"Chara_snip","extra",".research/extra/Chara_snip.decompiled.cs","12206","2026-08-05"
"CraftUtil","types",".research/types/CraftUtil.cs","14678","2026-08-01"
"Date","extra",".research/extra/Date.decompiled.cs","6835","2026-08-05"
"DynamicAIAct","types",".research/types/DynamicAIAct.cs","1293","2026-08-02"
"ELayer","types_live",".research/types_live/ELayer.decompiled.cs","3903","2026-08-02"
"Element","types",".research/types/Element.cs","28954","2026-08-02"
"ElementContainer","types",".research/types/ElementContainer.cs","18510","2026-08-02"
"EloMap","decompile_tmp",".research/decompile_tmp/EloMap.decompiled.cs","10745","2026-08-02"
"EloMapActor","decompile_tmp",".research/decompile_tmp/EloMapActor.decompiled.cs","2395","2026-08-02"
"EloMapLight","decompile_tmp",".research/decompile_tmp/EloMapLight.decompiled.cs","129","2026-08-02"
"EMono","types_live",".research/types_live/EMono.decompiled.cs","1273","2026-08-02"
"Expedition","types",".research/types/Expedition.cs","2544","2026-08-01"
"ExpeditionManager","types",".research/types/ExpeditionManager.cs","643","2026-08-01"
"FactionBranch","types",".research/types/FactionBranch.cs","43539","2026-08-01"
"GameDate","decompile_tmp",".research/decompile_tmp/GameDate.decompiled.cs","15210","2026-08-02"
"GoalHobby","extra",".research/extra/GoalHobby.decompiled.cs","200","2026-08-05"
"GoalWork","types",".research/types/GoalWork.cs","2688","2026-08-01"
"GuildMerchant","extra",".research/extra/GuildMerchant.decompiled.cs","444","2026-08-05"
"Hobby","types",".research/types/Hobby.cs","1834","2026-08-01"
"InvOwner","types",".research/types/InvOwner.cs","39009","2026-08-02"
"InvOwnerCraft","types",".research/types/InvOwnerCraft.cs","1701","2026-08-02"
"InvOwnerDraglet","types",".research/types/InvOwnerDraglet.cs","3843","2026-08-02"
"ItemGeneral","types_live",".research/types_live/ItemGeneral.decompiled.cs","4879","2026-08-02"
"ItemQuest","extra",".research/extra/ItemQuest.decompiled.cs","1301","2026-08-05"
"ItemQuestTracker","decompile_tmp",".research/decompile_tmp/ItemQuestTracker.decompiled.cs/ItemQuestTracker.decompiled.cs","2095","2026-08-02"
"Layer","types_live",".research/types_live/Layer.decompiled.cs","13814","2026-08-02"
"LayerAbility","types_live",".research/types_live/LayerAbility.decompiled.cs","7848","2026-08-02"
"LayerBaseCraft","types",".research/types/LayerBaseCraft.cs","588","2026-08-02"
"LayerCraft","types",".research/types/LayerCraft.cs","11187","2026-08-01"
"LayerCraftFloat","types",".research/types/LayerCraftFloat.cs","5802","2026-08-01"
"LayerDragGrid","types",".research/types/LayerDragGrid.cs","13383","2026-08-02"
"LayerEditPlaylist","types_live",".research/types_live/LayerEditPlaylist.decompiled.cs","5363","2026-08-02"
"LayerInventory","types_live",".research/types_live/LayerInventory.decompiled.cs","16401","2026-08-02"
"LayerList","types_live",".research/types_live/LayerList.decompiled.cs","8136","2026-08-02"
"LayerMod","types_live",".research/types_live/LayerMod.decompiled.cs","5334","2026-08-02"
"LayerQuestBoard","types_live",".research/types_live/LayerQuestBoard.decompiled.cs","5728","2026-08-02"
"Map","extra",".research/extra/Map.decompiled.cs","67444","2026-08-04"
"MATERIAL","extra",".research/extra/MATERIAL.decompiled.cs","3171","2026-08-04"
"Party","types",".research/types/Party.cs","4645","2026-08-01"
"Person","decompile_tmp",".research/decompile_tmp/Person.decompiled.cs","3112","2026-08-02"
"Player","decompile_tmp",".research/decompile_tmp/Player.decompiled.cs","53002","2026-08-02"
"Progress_Custom","types",".research/types/Progress_Custom.cs","1479","2026-08-02"
"Quest","decompile_tmp",".research/decompile_tmp/Quest.decompiled.cs","13933","2026-08-02"
"QuestCraft","types",".research/types/QuestCraft.cs","3074","2026-08-01"
"QuestDeliver","extra",".research/extra/QuestDeliver.decompiled.cs","5833","2026-08-05"
"QuestDestZone","extra",".research/extra/QuestDestZone.decompiled.cs","1107","2026-08-05"
"QuestEscort","extra",".research/extra/QuestEscort.decompiled.cs","1442","2026-08-05"
"QuestHunt","extra",".research/extra/QuestHunt.decompiled.cs","256","2026-08-05"
"QuestManager","decompile_tmp",".research/decompile_tmp/QuestManager.decompiled.cs","6242","2026-08-02"
"QuestMeal","extra",".research/extra/QuestMeal.decompiled.cs","169","2026-08-05"
"QuestMusic","extra",".research/extra/QuestMusic.decompiled.cs","1035","2026-08-05"
"QuestRandom","extra",".research/extra/QuestRandom.decompiled.cs","1626","2026-08-05"
"QuestSupply","extra",".research/extra/QuestSupply.decompiled.cs","592","2026-08-05"
"QuestSupplyBulk","extra",".research/extra/QuestSupplyBulk.decompiled.cs","332","2026-08-05"
"QuestSupplySpecific","extra",".research/extra/QuestSupplySpecific.decompiled.cs","1333","2026-08-05"
"QuestTaskHunt","extra",".research/extra/QuestTaskHunt.decompiled.cs","3059","2026-08-05"
"Recipe","types",".research/types/Recipe.cs","24471","2026-08-01"
"RecipeCard","types",".research/types/RecipeCard.cs","12476","2026-08-01"
"RecipeSource","types_live",".research/types_live/RecipeSource.decompiled.cs","4499","2026-08-02"
"RefChara","extra",".research/extra/RefChara.decompiled.cs","708","2026-08-05"
"Region","types_live",".research/types_live/Region.decompiled.cs","10236","2026-08-02"
"SourceMaterial","extra",".research/extra/SourceMaterial.decompiled.cs","12919","2026-08-04"
"SourceQuest","extra",".research/extra/SourceQuest.decompiled.cs","4171","2026-08-05"
"SourceRecipe","types_live",".research/types_live/SourceRecipe.decompiled.cs","2723","2026-08-02"
"SourceThing+Row","extra",".research/extra/SourceThing+Row.decompiled.cs","11228","2026-08-04"
"TaskCraft","types",".research/types/TaskCraft.cs","3425","2026-08-01"
"TaskDig","extra",".research/extra/TaskDig.decompiled.cs","5786","2026-08-04"
"TaskMine","extra",".research/extra/TaskMine.decompiled.cs","4416","2026-08-04"
"Thing","decompile_tmp",".research/decompile_tmp/Thing.decompiled.cs","60131","2026-08-02"
"ThingGen","decompile_tmp",".research/decompile_tmp/ThingGen.decompiled.cs","11124","2026-08-02"
"Trait_shop_snip","extra",".research/extra/Trait_shop_snip.decompiled.cs","114577","2026-08-05"
"TraitBarrelMaker","types",".research/types/TraitBarrelMaker.cs","710","2026-08-02"
"TraitButcher","types",".research/types/TraitButcher.cs","463","2026-08-02"
"TraitChef","extra",".research/extra/TraitChef.decompiled.cs","152","2026-08-05"
"TraitCitizen","extra",".research/extra/TraitCitizen.decompiled.cs","88","2026-08-05"
"TraitCrafter","types",".research/types/TraitCrafter.cs","14924","2026-08-01"
"TraitDyeMaker","types",".research/types/TraitDyeMaker.cs","697","2026-08-02"
"TraitFactory","types",".research/types/TraitFactory.cs","660","2026-08-02"
"TraitGemCutter","types",".research/types/TraitGemCutter.cs","525","2026-08-02"
"TraitGrindstone","types",".research/types/TraitGrindstone.cs","710","2026-08-02"
"TraitInnkeeper","extra",".research/extra/TraitInnkeeper.decompiled.cs","100","2026-08-05"
"TraitKiln","types",".research/types/TraitKiln.cs","465","2026-08-02"
"TraitMerchant","extra",".research/extra/TraitMerchant.decompiled.cs","335","2026-08-05"
"TraitMerchantBlack","extra",".research/extra/TraitMerchantBlack.decompiled.cs","426","2026-08-05"
"TraitMerchantFood","extra",".research/extra/TraitMerchantFood.decompiled.cs","108","2026-08-05"
"TraitMerchantGeneral","extra",".research/extra/TraitMerchantGeneral.decompiled.cs","114","2026-08-05"
"TraitMerchantWeapon","extra",".research/extra/TraitMerchantWeapon.decompiled.cs","167","2026-08-05"
"TraitMill","types",".research/types/TraitMill.cs","439","2026-08-02"
"TraitOre","extra",".research/extra/TraitOre.decompiled.cs","1442","2026-08-04"
"TraitRationMaker","types",".research/types/TraitRationMaker.cs","453","2026-08-02"
"TraitSawMill","types",".research/types/TraitSawMill.cs","410","2026-08-02"
"TraitScratchMachine","types",".research/types/TraitScratchMachine.cs","525","2026-08-02"
"TraitSculpture","types",".research/types/TraitSculpture.cs","416","2026-08-02"
"TraitSelfFactory","types",".research/types/TraitSelfFactory.cs","269","2026-08-02"
"TraitSmelter","types",".research/types/TraitSmelter.cs","474","2026-08-02"
"TraitSpinner","types",".research/types/TraitSpinner.cs","411","2026-08-02"
"TraitStoneCutter","types",".research/types/TraitStoneCutter.cs","422","2026-08-02"
"TraitWoodMill","types",".research/types/TraitWoodMill.cs","734","2026-08-02"
"TreasureType","decompile_tmp",".research/decompile_tmp/TreasureType.decompiled.cs","103","2026-08-02"
"UIButton","types_live",".research/types_live/UIButton.decompiled.cs","17815","2026-08-02"
"UIDragGridIngredients","types",".research/types/UIDragGridIngredients.cs","2453","2026-08-02"
"UIItem","types_live",".research/types_live/UIItem.decompiled.cs","1104","2026-08-02"
"UIList","extra",".research/extra/UIList.decompiled.cs","18519","2026-08-05"
"UIRecipeInfo","types_live",".research/types_live/UIRecipeInfo.decompiled.cs","11109","2026-08-02"
"VirtualDate","decompile_tmp",".research/decompile_tmp/VirtualDate.decompiled.cs","1695","2026-08-02"
"WidgetQuestTracker","decompile_tmp",".research/decompile_tmp/WidgetQuestTracker.decompiled.cs/WidgetQuestTracker.decompiled.cs","1957","2026-08-02"
"Window","types_live",".research/types_live/Window.decompiled.cs","44827","2026-08-02"
"WindowMenu","types_live",".research/types_live/WindowMenu.decompiled.cs","3416","2026-08-02"
"WorkSession","types",".research/types/WorkSession.cs","857","2026-08-01"
"WorkSummary","types",".research/types/WorkSummary.cs","1116","2026-08-01"
"Zone","decompile_tmp",".research/decompile_tmp/Zone.decompiled.cs","98639","2026-08-02"
"ZoneEvent","types_live",".research/types_live/ZoneEvent.decompiled.cs","1860","2026-08-02"
